Parameter Name,Raster
Version,V1.3
MultirasterSeparator,&
ActMod_trqClth,Polling_100ms
AFS_dm,100ms time synchronous
APP_r,Polling_100ms
BattU_u,Polling_100ms
BattU_uRaw,Polling_100ms
Brk_st,segment synchronous
Clth_st,segment synchronous
CoEOM_numOpModeAct,100ms time synchronous
Com_facCorrnNo2NoxSnsr2,Polling_100ms
Com_flgHeatrSpNoxSnsr1,Polling_100ms
Com_flgHeatrSpNoxSnsr2,Polling_100ms
Com_flgNoxVldNoxSnsr2,Polling_100ms
Com_ratNoxNoxSnsr1,100ms time synchronous
Com_ratNoxNoxSnsr2,Polling_100ms
Com_rNOxCat2Ds,100ms time synchronous
Com_rNOxDs,Polling_100ms
Com_stHtrSetPCat2Ds,Polling_500ms
Com_stHtrSetPCat3Ds,Polling_500ms
Com_stHtrSetPDs,Polling_1s
ComDM1_stDTCinfo_[0],Polling_100ms
ComDM1_stDTCinfo_[1],Polling_100ms
ComDM1_stDTCinfo_[10],Polling_100ms
ComDM1_stDTCinfo_[11],Polling_100ms
ComDM1_stDTCinfo_[12],Polling_100ms
ComDM1_stDTCinfo_[13],Polling_100ms
ComDM1_stDTCinfo_[14],Polling_100ms
ComDM1_stDTCinfo_[15],Polling_100ms
ComDM1_stDTCinfo_[2],Polling_100ms
ComDM1_stDTCinfo_[3],Polling_100ms
ComDM1_stDTCinfo_[4],Polling_100ms
ComDM1_stDTCinfo_[5],Polling_100ms
ComDM1_stDTCinfo_[6],Polling_100ms
ComDM1_stDTCinfo_[7],Polling_100ms
ComDM1_stDTCinfo_[8],Polling_100ms
ComDM1_stDTCinfo_[9],Polling_100ms
ComEMS_DTCA_HB,Polling_100ms
ComEMS_DTCA_LB,Polling_100ms
ComEMS_DTCA_MB,Polling_100ms
ComEMS_DTCB_HB,Polling_100ms
ComEMS_DTCB_LB,Polling_100ms
ComEMS_DTCB_MB,Polling_100ms
DFC_st.DFC_SCRChkNoxEff3,100ms time synchronous
DFES_numDFC_[0],100ms time synchronous
DFES_numDFC_[1],100ms time synchronous
DFES_numDFC_[2],100ms time synchronous
DFES_numDFC_[3],100ms time synchronous
DFES_numDFC_[4],100ms time synchronous
DFES_numDFC_[5],100ms time synchronous
DFES_numDFC_[6],100ms time synchronous
DFES_numDFC_[7],100ms time synchronous
DFES_numDFC_[8],100ms time synchronous
DFES_numDFC_[9],100ms time synchronous
DFES_stEntry_[0],100ms time synchronous
DFES_stEntry_[1],100ms time synchronous
DFES_stEntry_[2],100ms time synchronous
DFES_stEntry_[3],100ms time synchronous
DFES_stEntry_[4],100ms time synchronous
DFES_stEntry_[5],100ms time synchronous
DFES_stEntry_[6],100ms time synchronous
DFES_stEntry_[7],100ms time synchronous
DFES_stEntry_[8],100ms time synchronous
DFES_stEntry_[9],100ms time synchronous
DINH_stFId.FId_PFltLdO2Aprx,100ms time synchronous
DStgy_stStM,100ms time synchronous
EGSDCmn_flgO2SnsrPrsntS1B1,Polling_100ms
EGSSig_flgNoxRelsS1B1,Polling_100ms
EGSSig_flgNoxRelsScrDs,Polling_100ms
EGSSig_ratNoxOffsS4B1,Polling_100ms
EngDa_tFld_[2],100ms time synchronous
EngDa_tiEngOff,100ms time synchronous
Epm_nEng,100ms time synchronous
EpmCaS_phiAdapRefPos_[0],Polling_100ms
EpmCaS_phiAdapRefPos_[1],Polling_100ms
EpmCaS_phiAdapRefPos_[2],Polling_100ms
EpmCaS_phiAdapRefPos_[3],Polling_100ms
EpmCaS_phiAdapRefPos_[4],Polling_100ms
EpmCaS_phiAdapRefPos_[5],Polling_100ms
EpmCaS_phiAdapRefPos_[6],Polling_100ms
EpmCaS_phiAdapRefPos_[7],Polling_100ms
EpmCaS_phiAdapRefPos_[8],Polling_100ms
EpmCaS_phiAdapRefPos_[9],Polling_100ms
EpmCaS_phiRefPos_[0],Polling_100ms
EpmCaS_phiRefPos_[1],Polling_100ms
EpmCaS_phiRefPos_[2],Polling_100ms
EpmCaS_phiRefPos_[3],Polling_100ms
EpmCaS_phiRefPos_[4],Polling_100ms
EpmCaS_phiRefPos_[5],Polling_100ms
EpmCaS_phiRefPos_[6],Polling_100ms
EpmCaS_phiRefPos_[7],Polling_100ms
EpmCaS_phiRefPos_[8],Polling_100ms
EpmCaS_phiRefPos_[9],Polling_100ms
Exh_dmNOxNSCDs,100ms time synchronous
Exh_stDebHtrSetPNoCat2Ds,Polling_100ms
Exh_stDebHtrSetPNSCDs,Polling_100ms
Exh_stHtrRlsNoCat2Ds,Polling_100ms
Exh_stHtrRlsNSCDs,Polling_100ms
Exh_tAdapTOxiCatUs,100ms time synchronous
Exh_tFld_[0],Polling_100ms
Exh_tFld_[1],Polling_100ms
Exh_tFld_[10],Polling_100ms
Exh_tFld_[11],Polling_100ms
Exh_tFld_[12],Polling_100ms
Exh_tFld_[13],Polling_100ms
Exh_tFld_[14],Polling_100ms
Exh_tFld_[15],Polling_100ms
Exh_tFld_[16],Polling_100ms
Exh_tFld_[17],Polling_100ms
Exh_tFld_[18],Polling_100ms
Exh_tFld_[19],Polling_100ms
Exh_tFld_[2],Polling_100ms
Exh_tFld_[3],Polling_100ms
Exh_tFld_[4],Polling_100ms
Exh_tFld_[5],Polling_100ms
Exh_tFld_[6],100ms time synchronous
Exh_tFld_[7],Polling_100ms
Exh_tFld_[8],Polling_100ms
Exh_tFld_[9],Polling_100ms
Exh_tOxiCatUs,10ms time synchronous
Exh_tPFltUs,10ms time synchronous
ExhMod_mfNoxEngOutp,100ms time synchronous
ExhMod_nEng_MP,100ms time synchronous
ExhMod_qInjCmbErrWghR32_MP,100ms time synchronous
ExhMod_ratNOXEGSys,100ms time synchronous
ExhMod_ratNOXEngOut,100ms time synchronous
Frm_stProbeTempNOx1,Polling_100ms
Frm_stProbeTempNOx2,Polling_1s
GlbDa_lDst,100ms time synchronous
GlbDa_lTotDst,100ms time synchronous
Hegn_ratNoxS4B1,Polling_100ms
Hegn_stHeatrReqNoxSnsr1,Polling_100ms
Hegn_stHeatrReqNoxSnsr2,Polling_100ms
Hegn_stHeatrReqSelfDiagS1B1,Polling_100ms
Hegn_stHeatrReqSelfDiagS4B1,Polling_100ms
Hegn_stRlsHtrCtrlS1B1,Polling_100ms
Hegn_stRlsHtrCtrlS4B1,Polling_100ms
Hegn_stSetPDebHtrCtrlS1B1,Polling_100ms
Hegn_stSetPDebHtrCtrlS4B1,Polling_100ms
Hegn_stSnsrEnadB1,Polling_100ms
Hegn_stStSpStabS1B1,Polling_100ms
Hegn_stStSpStabS4B1,Polling_100ms
Hegn_VdHtrCtrlS1B1_I.flgHeatrReq,Polling_100ms
Hegn_VdHtrCtrlS1B1_I.stDSQ,Polling_100ms
Hegn_VdHtrCtrlS1B1_I.stHeatrReq,Polling_100ms
Hegn_VdHtrCtrlS4B1_I.flgHeatrReq,Polling_100ms
Hegn_VdHtrCtrlS4B1_I.stDSQ,Polling_100ms
Hegn_VdHtrCtrlS4B1_I.stHeatrReq,Polling_100ms
Hegn_VdHtrDiagS1B1_I.stHtrRlsSWE_I.timeCounter,Polling_100ms
Hegn_VdHtrDiagS1B1_I.stRels,Polling_100ms
Hegn_VdHtrDiagS1B1_I.stRelsCdn,Polling_100ms
Hegn_VdHtrDiagS1B1_I.tiHtrDiag,Polling_100ms
Hegn_VdHtrDiagS4B1_I.stHtrRlsSWE_I.timeCounter,Polling_100ms
Hegn_VdHtrDiagS4B1_I.stRels,Polling_100ms
Hegn_VdHtrDiagS4B1_I.stRelsCdn,Polling_100ms
Hegn_VdHtrDiagS4B1_I.tiHtrDiag,Polling_100ms
InjCtl_qSetUnBal,Polling_100ms
InjCtl_qSetUnBalPreShOff,Polling_100ms
InjCtl_qSetUnBalRmt,Polling_100ms
InjCtl_qSetUnBalSig,Polling_100ms
PFlt_mSotSumMeasActEffFlt_mp,segment synchronous
PFlt_mSotSumSimActEffCont,100ms time synchronous
PFltLd_mSot,10ms time synchronous
PFltLd_mSotCor,segment synchronous
PFltLd_mSotMeas,segment synchronous
PFltLd_mSotMlg,segment synchronous
PFltRgn_lSnceRgn,100ms time synchronous
PthSet_stOvrRun,100ms time synchronous
SCR_tUCatUsT,10ms time synchronous
SCRAd_facQtyAdap,Polling_100ms
SCRCat_flgNoxRelsScrDs,100ms time synchronous
SCRCat_flgNoxRelsScrUs,100ms time synchronous
SCRCat_ratNoxScrUsSnsr,100ms time synchronous
SCRChk_Eta1.etaActAvrg,100ms time synchronous
SCRChk_Eta3.Accl_cond1DT1t_I.Kd_C,100ms time synchronous
SCRChk_Eta3.Accl_cond1DT1t_I.T1_C,100ms time synchronous
SCRChk_Eta3.CalcEtaStM.ctEtaCalc,100ms time synchronous
SCRChk_Eta3.CalcEtaStM.dmExhFltAvrg,100ms time synchronous
SCRChk_Eta3.CalcEtaStM.dmExhFltAvrgPre,100ms time synchronous
SCRChk_Eta3.CalcEtaStM.dmNOxDsThresItgPre,100ms time synchronous
SCRChk_Eta3.CalcEtaStM.dmNOxUsAvrg,100ms time synchronous
SCRChk_Eta3.CalcEtaStM.etaActAvrg,100ms time synchronous
SCRChk_Eta3.CalcEtaStM.etaThresAvrg,100ms time synchronous
SCRChk_Eta3.CalcEtaStM.mExhFltAvrg,100ms time synchronous
SCRChk_Eta3.CalcEtaStM.mExhFltAvrgPre,100ms time synchronous
SCRChk_Eta3.CalcEtaStM.mNOxDs,100ms time synchronous
SCRChk_Eta3.CalcEtaStM.mNOxDsPre,100ms time synchronous
SCRChk_Eta3.CalcEtaStM.mNOxDsThres,100ms time synchronous
SCRChk_Eta3.CalcEtaStM.mNOxDsThresPre,100ms time synchronous
SCRChk_Eta3.CalcEtaStM.mNOxUs,100ms time synchronous
SCRChk_Eta3.CalcEtaStM.mNOxUsMin,100ms time synchronous
SCRChk_Eta3.CalcEtaStM.mNOxUsPre,100ms time synchronous
SCRChk_Eta3.CalcEtaStM.sm,100ms time synchronous
SCRChk_Eta3.CalcEtaStM.stEtaCalcVld,100ms time synchronous
SCRChk_Eta3.CalcEtaStM.stEtaPreSumSuc,100ms time synchronous
SCRChk_Eta3.CalcEtaStM.stEtaRstCalc,100ms time synchronous
SCRChk_Eta3.CalcEtaStM.stEtaStM,100ms time synchronous
SCRChk_Eta3.CalcEtaStM.stRstToStrt,100ms time synchronous
SCRChk_Eta3.CalcEtaStM.stTransMainSumCalcEta,100ms time synchronous
SCRChk_Eta3.CalcEtaStM.tiNOxItg,100ms time synchronous
SCRChk_Eta3.CalcEtaStM.tiNOxItgPre,100ms time synchronous
SCRChk_Eta3.CalcEtaStM.tSCRMax,100ms time synchronous
SCRChk_Eta3.CalcEtaStM.tSCRMaxPre,100ms time synchronous
SCRChk_Eta3.ctCondDwn,100ms time synchronous
SCRChk_Eta3.ctCondUp,100ms time synchronous
SCRChk_Eta3.ctEtaCond,100ms time synchronous
SCRChk_Eta3.ddmNOxUsAccl_mp,100ms time synchronous
SCRChk_Eta3.dmExhFltSeln,100ms time synchronous
SCRChk_Eta3.dmExhSel,100ms time synchronous
SCRChk_Eta3.dmNH3DsR32,100ms time synchronous
SCRChk_Eta3.dmNOxDsNh3CorrdSeln,100ms time synchronous
SCRChk_Eta3.dmNOxSensDsSel,100ms time synchronous
SCRChk_Eta3.dmNOxSensDsSeln,100ms time synchronous
SCRChk_Eta3.dmNOxUsFltDdTMax,100ms time synchronous
SCRChk_Eta3.dmNOxUsFltDdTMax_mp,100ms time synchronous
SCRChk_Eta3.dmNOxUsPECCor,100ms time synchronous
SCRChk_Eta3.dmNOxUsSel,100ms time synchronous
SCRChk_Eta3.dmNOxUsSeln,100ms time synchronous
SCRChk_Eta3.dmNOxUsToS16,100ms time synchronous
SCRChk_Eta3.dstCalcEEPStcCmp,100ms time synchronous
SCRChk_Eta3.dstCalcFrzEEPCmp,10ms time synchronous
SCRChk_Eta3.effNox,100ms time synchronous
SCRChk_Eta3.etaActAvrg,100ms time synchronous
SCRChk_Eta3.etaActAvrgEEPVal,segment synchronous
SCRChk_Eta3.etaActAvrgVal,segment synchronous
SCRChk_Eta3.etaAvrgMaxVal,100ms time synchronous
SCRChk_Eta3.etaThres_mp,100ms time synchronous
SCRChk_Eta3.etaThresAvrg,100ms time synchronous
SCRChk_Eta3.etaThresMap_mp,100ms time synchronous
SCRChk_Eta3.etaThresTempExh_mp,100ms time synchronous
SCRChk_Eta3.etaThresTempNOx_mp,100ms time synchronous
SCRChk_Eta3.facEtaEstOfs_mp,100ms time synchronous
SCRChk_Eta3.facMean,100ms time synchronous
SCRChk_Eta3.facSigma,100ms time synchronous
SCRChk_Eta3.flgAutRgnDmdReq,10ms time synchronous
SCRChk_Eta3.flgEnaEdgeRKmBas,10ms time synchronous
SCRChk_Eta3.flgEnaSnsrRmvLogic,100ms time synchronous
SCRChk_Eta3.flgMilEna,10ms time synchronous
SCRChk_Eta3.flgOneTiEEPBlkEnaRef1,10ms time synchronous
SCRChk_Eta3.idxEtaAvrgStc,100ms time synchronous
SCRChk_Eta3.lDifVehTrvldAftAutRgn,10ms time synchronous
SCRChk_Eta3.lDifVehTrvldAftRefill,10ms time synchronous
SCRChk_Eta3.lDifVehTrvldT15,10ms time synchronous
SCRChk_Eta3.lFrzAftAutRgn,10ms time synchronous
SCRChk_Eta3.lFrzAftRefill,10ms time synchronous
SCRChk_Eta3.lFrzT15,10ms time synchronous
SCRChk_Eta3.MeanA,100ms time synchronous
SCRChk_Eta3.MeanB,100ms time synchronous
SCRChk_Eta3.MeanC,100ms time synchronous
SCRChk_Eta3.mnoxus,100ms time synchronous
SCRChk_Eta3.rNOxUsSel,100ms time synchronous
SCRChk_Eta3.rNOxUsSeln,100ms time synchronous
SCRChk_Eta3.sigmaX,100ms time synchronous
SCRChk_Eta3.SigmaY,100ms time synchronous
SCRChk_Eta3.SigmaZ,100ms time synchronous
SCRChk_Eta3.stAcclCond_mp,100ms time synchronous
SCRChk_Eta3.stAcclCondActv_mp,100ms time synchronous
SCRChk_Eta3.stCondEna,100ms time synchronous
SCRChk_Eta3.stCondEnaFld,100ms time synchronous
SCRChk_Eta3.stCondEnaFld_mp,100ms time synchronous
SCRChk_Eta3.stCondRst,100ms time synchronous
SCRChk_Eta3.stCondRstFld_mp,100ms time synchronous
SCRChk_Eta3.stCondTSCR_mp,100ms time synchronous
SCRChk_Eta3.stDetRefill,Polling_100ms
SCRChk_Eta3.stDetT15swtTrg,10ms time synchronous
SCRChk_Eta3.stDFCTrg,100ms time synchronous
SCRChk_Eta3.stDTRTrgEta,100ms time synchronous
SCRChk_Eta3.stErr,100ms time synchronous
SCRChk_Eta3.stEtaAryFillgEna,10ms time synchronous
SCRChk_Eta3.stEtaCalcNew,100ms time synchronous
SCRChk_Eta3.stEtaCondEna,100ms time synchronous
SCRChk_Eta3.stEtaRst,100ms time synchronous
SCRChk_Eta3.stEtaStM,100ms time synchronous
SCRChk_Eta3.stMilEnaRef3,100ms time synchronous
SCRChk_Eta3.stMilIndcn,100ms time synchronous
SCRChk_Eta3.stMinMeanSigmaCmpRef3,100ms time synchronous
SCRChk_Eta3.stNoCondRstDly,100ms time synchronous
SCRChk_Eta3.stNOxThresMflDeb_mp,100ms time synchronous
SCRChk_Eta3.stNOxUsAcclActv_mp,100ms time synchronous
SCRChk_Eta3.stNOxUsAcclActvRaw_mp,100ms time synchronous
SCRChk_Eta3.stRlsNOxUsAccl_mp,100ms time synchronous
SCRChk_Eta3.stRlsNOxUsAcclDeb_mp,100ms time synchronous
SCRChk_Eta3.stRstExt,100ms time synchronous
SCRChk_Eta3.stTBlwMax_MP,100ms time synchronous
SCRChk_Eta3.stTrgMetDst,segment synchronous
SCRChk_Eta3.stTrgR1R2R3,segment synchronous
SCRChk_Eta3.stTRngMax_MP,100ms time synchronous
SCRChk_Eta3.stTRngMin_MP,100ms time synchronous
SCRChk_Eta3.tiDebLoHiNOxThres_mp,100ms time synchronous
SCRChk_Eta3.tSCRAvrg,10ms time synchronous
SCRChk_Eta3.tSCRAvrgTemp,100ms time synchronous
SCRChk_Eta3_[0].etaActAvrgStcAry,100ms time synchronous
SCRChk_Eta3_[0].etaAvrgStrgAryAftFlt,Polling_100ms
SCRChk_Eta3_[1].etaActAvrgStcAry,100ms time synchronous
SCRChk_Eta3_[1].etaAvrgStrgAryAftFlt,Polling_100ms
SCRChk_Eta3_[2].etaActAvrgStcAry,100ms time synchronous
SCRChk_Eta3_[2].etaAvrgStrgAryAftFlt,Polling_100ms
SCRChk_Eta3_[3].etaActAvrgStcAry,100ms time synchronous
SCRChk_Eta3_[3].etaAvrgStrgAryAftFlt,Polling_100ms
SCRChk_Eta3_[4].etaActAvrgStcAry,100ms time synchronous
SCRChk_Eta3_[4].etaAvrgStrgAryAftFlt,Polling_100ms
SCRChk_Eta3_[5].etaActAvrgStcAry,Polling_100ms
SCRChk_Eta3_[5].etaAvrgStrgAryAftFlt,Polling_100ms
SCRChk_Eta3_[6].etaActAvrgStcAry,Polling_100ms
SCRChk_Eta3_[6].etaAvrgStrgAryAftFlt,Polling_100ms
SCRChk_Eta3_[7].etaActAvrgStcAry,Polling_100ms
SCRChk_eta3AvrgStrgAry_[0],100ms time synchronous
SCRChk_eta3AvrgStrgAry_[1],100ms time synchronous
SCRChk_eta3AvrgStrgAry_[10],100ms time synchronous
SCRChk_eta3AvrgStrgAry_[2],100ms time synchronous
SCRChk_eta3AvrgStrgAry_[3],100ms time synchronous
SCRChk_eta3AvrgStrgAry_[4],100ms time synchronous
SCRChk_eta3AvrgStrgAry_[5],100ms time synchronous
SCRChk_eta3AvrgStrgAry_[6],100ms time synchronous
SCRChk_eta3AvrgStrgAry_[7],100ms time synchronous
SCRChk_eta3AvrgStrgAry_[8],100ms time synchronous
SCRChk_eta3AvrgStrgAry_[9],100ms time synchronous
SCRChk_etaActAvrg,100ms time synchronous
SCRChk_etaActAvrgR0EEPVal,10ms time synchronous
SCRChk_EtaRngClsIf_I.InjCtl_qSetUnBal,Polling_100ms
SCRChk_facMean,10ms time synchronous
SCRChk_facMeanA,10ms time synchronous
SCRChk_facMeanB,10ms time synchronous
SCRChk_facMeanC,10ms time synchronous
SCRChk_facSigma,segment synchronous
SCRChk_facSigmaX,segment synchronous
SCRChk_facSigmaY,10ms time synchronous
SCRChk_facSigmaZ,10ms time synchronous
SCRChk_flgAutRgnDmdReq,100ms time synchronous
SCRChk_flgMilEna,10ms time synchronous
SCRChk_RelsCoEta3.stEtaCondFld,100ms time synchronous
SCRChk_RelsCoEta3.stEtaCondFldEta,100ms time synchronous
SCRChk_RelsCoEta3.stEtaCondFldRlsWoNH3Slip,100ms time synchronous
SCRChk_RelsCoEta3.stEtaEna,100ms time synchronous
SCRChk_stDetRefill,segment synchronous
SCRChk_stEnaNH3Ld_mp,100ms time synchronous
SCRChk_stEtaStM1,100ms time synchronous
SCRChk_stEtaStM3,100ms time synchronous
SCRChk_stMilIndcn,10ms time synchronous
SCRChk_tSCR_mp,100ms time synchronous
SCRCtl_bSysErr,Polling_100ms
SCRCtl_ctMinRCnt_mp,100ms time synchronous
SCRCtl_lMlgRmnTnk,Polling_100ms
SCRCtl_lRdcAgMlgRmn,Polling_100ms
SCRCtl_lRmnDst,Polling_100ms
SCRCtl_lRmnIndSys,Polling_100ms
SCRCtl_stActvIndcGroup,Polling_100ms
SCRCtl_stIndcAry_[0],Polling_100ms
SCRCtl_stIndcAry_[1],Polling_100ms
SCRCtl_stIndcAry_[2],Polling_100ms
SCRCtl_stIndcAry_[3],Polling_100ms
SCRCtl_stIndcAry_[4],Polling_100ms
SCRCtl_stIndcAry_[5],Polling_100ms
SCRCtl_stIndcAry_[6],Polling_100ms
SCRCtl_stIndcAry_[7],Polling_100ms
SCRCtl_stIndcAry_[8],Polling_100ms
SCRCtl_stIndSysAct,Polling_100ms
SCRCtl_stSysErr,Polling_100ms
SCRCtl_stWarn,Polling_100ms
SCRCtl_stWarnDshb,Polling_100ms
SCRDev_lenLvl,Polling_100ms
SCRFBC_facDosAct,Polling_100ms
SCRFBC_facNOxCtl,Polling_100ms
SCRFFC_dmNH3Cnv,100ms time synchronous
SCRFFC_dmNH3PreCtl,100ms time synchronous
SCRFFC_etaPreCtlMode2,100ms time synchronous
SCRFFC_facNOxToNH3,100ms time synchronous
SCRFFC_rPPMNOxUs,100ms time synchronous
SCRLdG_dmNH3LdGov,Polling_100ms
SCRLdG_dmNH3Max,100ms time synchronous
SCRLdG_dmNH3MetAdap,100ms time synchronous
SCRLdG_mNH3LdDvt,Polling_100ms
SCRLdG_mNH3LdNom,100ms time synchronous
SCRLdG_mNH3LoadDvt,Polling_500ms
SCRLdG_mNH3LoadNom,100ms time synchronous
SCRLdG_rEstNH3Ld,Polling_500ms
SCRMod_dmEstNOxDs,100ms time synchronous
SCRMod_dmNH3Ld,100ms time synchronous
SCRMod_etaEst,100ms time synchronous
SCRMod_mEstimNH3Load,100ms time synchronous
SCRMod_mEstNH3Ld,100ms time synchronous
SCRMod_mNh3LoadCat1,100ms time synchronous
SCRMod_rEstNOxDs,100ms time synchronous
SCRMod_rNO2NOx,100ms time synchronous
SCRT_tAvrg,10ms time synchronous
SCRT_tFld_[0],Polling_100ms
SCRT_tFld_[1],Polling_100ms
SCRT_tFld_[10],Polling_100ms
SCRT_tFld_[11],Polling_100ms
SCRT_tFld_[2],Polling_100ms
SCRT_tFld_[3],Polling_100ms
SCRT_tFld_[4],Polling_100ms
SCRT_tFld_[5],Polling_100ms
SCRT_tFld_[6],Polling_100ms
SCRT_tFld_[7],Polling_100ms
SCRT_tFld_[8],Polling_100ms
SCRT_tFld_[9],Polling_100ms
SCRT_tOxiCat,100ms time synchronous
T15_st,100ms time synchronous
ThrVlv_r,Polling_100ms
Tra_numGear,100ms time synchronous
TrbCh_rAct,100ms time synchronous
UDC_dmRdcAgAct,100ms time synchronous
UDC_dmRdcAgDes,100ms time synchronous
UDC_dmRdcAgDesCoPr,100ms time synchronous
UDC_flgSmallReflDetnEffCalc,100ms time synchronous
UDC_mRdcAgAct,100ms time synchronous
UDC_stCoPr,100ms time synchronous
UDC_stReFill,100ms time synchronous
UDC_stUTnkLvl,Polling_100ms
UDC_volRdcAgRmn,Polling_100ms
UrQlSnsr_ratConc,Polling_100ms
UrTLCSnsr_t,100ms time synchronous
VehV_v,100ms time synchronous
CoEOM_stOpModeDes_C,[No Raster]
DDRC_DurDeb.SCRChk_numEff3DebDef_C,[No Raster]
DDRC_RatDeb.SCRChk_numEff3UDRat_C,[No Raster]
DFC_CtlMsk.DFC_ComUQS1DLC_C,[No Raster]
DFC_CtlMsk.DFC_ComUQS1TO_C,[No Raster]
DFC_CtlMsk.DFC_DrvPrgLmpOL_C,[No Raster]
DFC_CtlMsk.DFC_HegnHtrAvlS1B1_C,[No Raster]
DFC_CtlMsk.DFC_HegnHtrAvlS4B1_C,[No Raster]
DFC_CtlMsk.DFC_HegnHtrRdnS1B1_C,[No Raster]
DFC_CtlMsk.DFC_HegnMntgPlausS4B1_C,[No Raster]
DFC_CtlMsk.DFC_UrQlSnsrConcHi_C,[No Raster]
DFC_CtlMsk.DFC_UrQlSnsrConcLow_C,[No Raster]
DFC_DisblMsk.DFC_ComEGSNXDTO_C,[No Raster]
DFC_DisblMsk.DFC_ComUQS1DLC_C,[No Raster]
DFC_DisblMsk.DFC_ComUQS1TO_C,[No Raster]
DFC_DisblMsk.DFC_DrvPrgLmpOL_C,[No Raster]
DFC_DisblMsk.DFC_HegnHtrAvlS1B1_C,[No Raster]
DFC_DisblMsk.DFC_HegnHtrAvlS4B1_C,[No Raster]
DFC_DisblMsk.DFC_HegnHtrRdnS1B1_C,[No Raster]
DFC_DisblMsk.DFC_HegnMntgPlausS4B1_C,[No Raster]
DFC_DisblMsk.DFC_UrQlSnsrConcHi_C,[No Raster]
DFC_DisblMsk.DFC_UrQlSnsrConcLow_C,[No Raster]
DFES_Cls.DFC_HegnMntgPlausS4B1_C,[No Raster]
DFES_DTCM.DFC_HegnMntgPlausS4B1_C,[No Raster]
DFES_DTCO.DFC_HegnMntgPlausS4B1_C,[No Raster]
DFES_DTCO.DFC_SCRChkNoxEff3_C,[No Raster]
DFES_EnvRef.DFC_HegnMntgPlausS4B1_C,[No Raster]
DFES_EnvRef.DFC_SCRChkNoxEff3_C,[No Raster]
DFES_FaultTyp.DFC_HegnMntgPlausS4B1_C,[No Raster]
DFES_FaultTyp.DFC_SCRChkNoxEff3_C,[No Raster]
DINH_FId.DFC_ComEGSNXDTO_CA,[No Raster]
DINH_FId.DFC_FuelTSRCMax_CA,[No Raster]
DINH_FId.DFC_SCRChkNoxEff3_CA,[No Raster]
DINH_FId.DFC_SCRRCntErr_CA,[No Raster]
DINH_FId.DFC_UrQlSnsrConcLow_CA,[No Raster]
DINH_Lim.DFC_FuelTSRCMax_CA,[No Raster]
DINH_Lim.DFC_SCRChkNoxEff3_CA,[No Raster]
DSMAUX_xClearTrg_C,[No Raster]
DStgy_stOpModeDmdAutRgn_C,[No Raster]
DStgy_stPFltRgnActvMsk_C,[No Raster]
DStgy_stPFltRgnDemActvMsk_CA,[No Raster]
DStgy_stPFltRgnDemMsk_CA,[No Raster]
DStgy_swtMetEna_C,[No Raster]
DStgy_swtPFltRgn_C,[No Raster]
DStgy_tAvrgHi_C,[No Raster]
DStgy_tAvrgLo_C,[No Raster]
DStgy_tiPFltRgnDemMax_C,[No Raster]
DStgy_tiPFltRgnOffNOxOfs_C,[No Raster]
DStgy_tiPFltRgnOnNOxOfs_C,[No Raster]
DStgy_tiSnceRgnEtaHi_C,[No Raster]
DStgy_tiSnceRgnEtaLo_C,[No Raster]
Eep_EnFirstInit_CW,[No Raster]
Eep_EnvRamClr_CW,[No Raster]
EngPrt_trqLim_CUR,[No Raster]
EpmCaS_facAdapFil_C,[No Raster]
ExhMod_facExpoNox0_M,[No Raster]
ExhMod_ratNoxRef0_M,[No Raster]
ExhMod_ratNoxRef1_M,[No Raster]
FBC_qLim_CUR,[No Raster]
Hegn_tiDebHighLow_C,[No Raster]
Hegn_tiDebLowHigh_C,[No Raster]
Hegn_VdHtrDiagS4B1_I.tiMaxDiag_C,[No Raster]
LLim_vMaxFix_C,[No Raster]
MoF_trqEngAPP_MAP,[No Raster]
MoFTrqIdc_q2trq2_MAP,[No Raster]
PFltLd_mSotSimIniClb_C,[No Raster]
PFltRgn_lTotDstSnceSCRDmdMax_C,[No Raster]
PFltRgn_numSCR_C,[No Raster]
PFltRgn_numSCRRefillDmd_C,[No Raster]
PFltRgn_stSCRRefillReqMsk_C,[No Raster]
PFltRgn_stSCRReqMsk_C,[No Raster]
PFltRgn_tiChngRgnDelSCR_MAP,[No Raster]
PFltRgn_tiSCRRefillRgnMax_C,[No Raster]
PFltRgn_tiWaitRgnSCR_C,[No Raster]
PFltRgn_tSCRRefillRgnMax_C,[No Raster]
PFltRgn_tSCRRefillRgnMin_C,[No Raster]
PhyMod_trq2qBas_MAP,[No Raster]
SCR_SRCUCatUsT.uMax_C,[No Raster]
SCRChk_dmNOxUsMax_C,[No Raster]
SCRChk_Eta3.CalcEtaStM.mNOxUsMin_M,[No Raster]
SCRChk_Eta3.dmNOxUsMax_T,[No Raster]
SCRChk_Eta3.dmNOxUsMin_C,[No Raster]
SCRChk_Eta3.dstCalcEEPStc_C,[No Raster]
SCRChk_Eta3.dstCntr_T,[No Raster]
SCRChk_Eta3.etaAvrgCmpThd_C,[No Raster]
SCRChk_Eta3.etaThresActAvrg_C,[No Raster]
SCRChk_Eta3.facCurrMeanMinThdRef2_C,[No Raster]
SCRChk_Eta3.facCurrMeanMinThdRef3_C,[No Raster]
SCRChk_Eta3.facMeanCorrnRef3_C,[No Raster]
SCRChk_Eta3.facMeanThdRef2_C,[No Raster]
SCRChk_Eta3.facMinSigmaThdRef2_C,[No Raster]
SCRChk_Eta3.facSigmaCorrnRef3_C,[No Raster]
SCRChk_Eta3.facSigmaThdRef2_C,[No Raster]
SCRChk_Eta3.idxMaxSizeEtaStorg_C,[No Raster]
SCRChk_Eta3.lVehTrvlThdAftAutRgn_C,[No Raster]
SCRChk_Eta3.lVehTrvlThdT15_C,[No Raster]
SCRChk_Eta3.lVehTrvlThdTrgAutRgn_C,[No Raster]
SCRChk_Eta3.rNOxUsMax_T,[No Raster]
SCRChk_Eta3.rNOxUsMin_C,[No Raster]
SCRChk_Eta3.stCondEnaMsk_C,[No Raster]
SCRChk_Eta3.stCondRstMsk_C,[No Raster]
SCRChk_Eta3.tRngMax_C,[No Raster]
SCRChk_Eta3.tRngMinHi_C,[No Raster]
SCRChk_Eta3.tRngMinLo_C,[No Raster]
SCRChk_mEstNH3LdMax_CUR,[No Raster]
SCRChk_mEstNH3LdMin_CUR,[No Raster]
SCRChk_RelsCoEta3.stEtaEnaMsk_C,[No Raster]
SCRChk_RelsCoEta3.stEtaRstMsk_C,[No Raster]
SCRChk_tiDebHiLoStTempOxiCat_C,[No Raster]
SCRChk_tiDebLoHiStTempOxiCat_C,[No Raster]
SCRChk_tOxiCatMin_C,[No Raster]
SCRCtl_AsgnAryPID88_CA,[No Raster]
SCRCtl_ctMinRCnt_C,[No Raster]
SCRCtl_ctMinRCnt2_C,[No Raster]
SCRCtl_DFCArray_CA,[No Raster]
SCRCtl_lRmnDstKmRes_CA,[No Raster]
SCRCtl_lRmnIndSys_C,[No Raster]
SCRCtl_nrAsgnIndcGroup_CA,[No Raster]
SCRCtl_swtEngOffTime_C,[No Raster]
SCRCtl_tiRCntEnblLonTi_C,[No Raster]
SCRCtl_tiRCntEnblShoTi_C,[No Raster]
SCRFFC_facNOxToNH3_MAP,[No Raster]
SCRLdG_dmEG2_AXIS,[No Raster]
SCRLdG_dmMinCor_M,[No Raster]
SCRLdG_dmNH3Max_MAP,[No Raster]
SCRLdG_rhoLdNomTemp_MAP,[No Raster]
SCRLdG_tAvrg2_AXIS,[No Raster]
SCRMod_mMaxNH3LdTemp_MAP,[No Raster]
SCRT_facTCat1Wght_M,[No Raster]
UDC_ActvTank.volLvlCLSSafRng_CUR,[No Raster]
UDC_ActvTank.volLvlCLSSafRngEffCalc_CUR,[No Raster]
